observation_date,Cost per dozen
1/1/1980,0.879
2/1/1980,0.774
3/1/1980,0.812
4/1/1980,0.797
5/1/1980,0.737
6/1/1980,0.731
7/1/1980,0.776
8/1/1980,0.907
9/1/1980,0.898
10/1/1980,0.867
11/1/1980,0.917
12/1/1980,1.031
1/1/1981,0.943
2/1/1981,0.924
3/1/1981,0.875
4/1/1981,0.904
5/1/1981,0.836
6/1/1981,0.852
7/1/1981,0.86
8/1/1981,0.868
9/1/1981,0.915
10/1/1981,0.898
11/1/1981,0.943
12/1/1981,0.966
1/1/1982,0.925
2/1/1982,1.007
3/1/1982,0.952
4/1/1982,0.896
5/1/1982,0.842
6/1/1982,0.783
7/1/1982,0.851
8/1/1982,0.778
9/1/1982,0.852
10/1/1982,0.854
11/1/1982,0.849
12/1/1982,0.813
1/1/1983,0.821
2/1/1983,0.794
3/1/1983,0.836
4/1/1983,0.825
5/1/1983,0.865
6/1/1983,0.825
7/1/1983,0.847
8/1/1983,0.884
9/1/1983,0.938
10/1/1983,0.962
11/1/1983,0.996
12/1/1983,1.131
1/1/1984,1.301
2/1/1984,1.324
3/1/1984,1.153
4/1/1984,1.199
5/1/1984,1.054
6/1/1984,0.903
7/1/1984,0.876
8/1/1984,0.86
9/1/1984,0.854
10/1/1984,0.842
11/1/1984,0.823
12/1/1984,0.867
1/1/1985,0.746
2/1/1985,0.784
3/1/1985,0.79
4/1/1985,0.783
5/1/1985,0.745
6/1/1985,0.724
7/1/1985,0.787
8/1/1985,0.789
9/1/1985,0.857
10/1/1985,0.86
11/1/1985,0.872
12/1/1985,0.906
1/1/1986,0.901
2/1/1986,0.866
3/1/1986,0.887
4/1/1986,0.89
5/1/1986,0.82
6/1/1986,0.795
7/1/1986,0.833
8/1/1986,0.913
9/1/1986,0.868
10/1/1986,0.855
11/1/1986,0.897
12/1/1986,0.91
1/1/1987,0.862
2/1/1987,0.823
3/1/1987,0.8
4/1/1987,0.786
5/1/1987,0.763
6/1/1987,0.711
7/1/1987,0.763
8/1/1987,0.73
9/1/1987,0.837
10/1/1987,0.778
11/1/1987,0.805
12/1/1987,0.733
1/1/1988,0.76
2/1/1988,0.718
3/1/1988,0.74
4/1/1988,0.719
5/1/1988,0.678
6/1/1988,0.705
7/1/1988,0.803
8/1/1988,0.909
9/1/1988,0.874
10/1/1988,0.896
11/1/1988,0.839
12/1/1988,0.833
1/1/1989,0.941
2/1/1989,0.89
3/1/1989,1.031
4/1/1989,0.997
5/1/1989,0.956
6/1/1989,0.937
7/1/1989,0.961
8/1/1989,0.983
9/1/1989,1.038
10/1/1989,1.023
11/1/1989,1.08
12/1/1989,1.137
1/1/1990,1.223
2/1/1990,1.041
3/1/1990,1.111
4/1/1990,1.092
5/1/1990,0.94
6/1/1990,0.93
7/1/1990,0.899
8/1/1990,0.954
9/1/1990,0.946
10/1/1990,1.012
11/1/1990,1.018
12/1/1990,1.001
1/1/1991,1.106
2/1/1991,0.987
3/1/1991,1.069
4/1/1991,1.002
5/1/1991,0.908
6/1/1991,0.884
7/1/1991,0.966
8/1/1991,1.024
9/1/1991,0.987
10/1/1991,0.976
11/1/1991,0.95
12/1/1991,1.012
1/1/1992,0.933
2/1/1992,0.881
3/1/1992,0.85
4/1/1992,0.829
5/1/1992,0.836
6/1/1992,0.801
7/1/1992,0.827
8/1/1992,0.809
9/1/1992,0.873
10/1/1992,0.858
11/1/1992,0.897
12/1/1992,0.928
1/1/1993,0.898
2/1/1993,0.895
3/1/1993,0.927
4/1/1993,0.997
5/1/1993,0.895
6/1/1993,0.921
7/1/1993,0.9
8/1/1993,0.929
9/1/1993,0.89
10/1/1993,0.897
11/1/1993,0.917
12/1/1993,0.871
1/1/1994,0.917
2/1/1994,0.903
3/1/1994,0.926
4/1/1994,0.861
5/1/1994,0.801
6/1/1994,0.841
7/1/1994,0.815
8/1/1994,0.895
9/1/1994,0.855
10/1/1994,0.81
11/1/1994,0.857
12/1/1994,0.873
1/1/1995,0.882
2/1/1995,0.863
3/1/1995,0.875
4/1/1995,0.833
5/1/1995,0.819
6/1/1995,0.825
7/1/1995,0.879
8/1/1995,0.984
9/1/1995,0.956
10/1/1995,0.981
11/1/1995,1.037
12/1/1995,1.16
1/1/1996,1.155
2/1/1996,1.091
3/1/1996,1.138
4/1/1996,1.086
5/1/1996,1.021
6/1/1996,0.945
7/1/1996,1.042
8/1/1996,1.072
9/1/1996,1.15
10/1/1996,1.129
11/1/1996,1.139
12/1/1996,1.308
1/1/1997,1.148
2/1/1997,1.132
3/1/1997,1.056
4/1/1997,1.081
5/1/1997,1.002
6/1/1997,0.952
7/1/1997,0.979
8/1/1997,1.061
9/1/1997,1.009
10/1/1997,1.018
11/1/1997,1.09
12/1/1997,1.172
1/1/1998,1.12
2/1/1998,1.073
3/1/1998,1.043
4/1/1998,1.061
5/1/1998,0.96
6/1/1998,0.932
7/1/1998,0.971
8/1/1998,1.053
9/1/1998,1.022
10/1/1998,1.048
11/1/1998,1.077
12/1/1998,1.089
1/1/1999,1.053
2/1/1999,1.078
3/1/1999,1.005
4/1/1999,0.942
5/1/1999,0.9
6/1/1999,0.949
7/1/1999,0.88
8/1/1999,1.02
9/1/1999,0.956
10/1/1999,0.888
11/1/1999,0.92
12/1/1999,0.92
1/1/2000,0.975
2/1/2000,0.962
3/1/2000,0.931
4/1/2000,0.939
5/1/2000,0.852
6/1/2000,0.838
7/1/2000,0.868
8/1/2000,0.893
9/1/2000,0.92
10/1/2000,0.923
11/1/2000,0.902
12/1/2000,0.959
1/1/2001,1.011
2/1/2001,0.943
3/1/2001,0.886
4/1/2001,1.028
5/1/2001,0.881
6/1/2001,0.92
7/1/2001,0.862
8/1/2001,0.929
9/1/2001,0.916
10/1/2001,0.916
11/1/2001,0.935
12/1/2001,0.925
1/1/2002,0.973
2/1/2002,0.996
3/1/2002,1.003
4/1/2002,1.047
5/1/2002,0.997
6/1/2002,0.975
7/1/2002,0.99
8/1/2002,1.053
9/1/2002,1.055
10/1/2002,1.039
11/1/2002,1.08
12/1/2002,1.176
1/1/2003,1.175
2/1/2003,1.189
3/1/2003,1.209
4/1/2003,1.131
5/1/2003,1.009
6/1/2003,1.199
7/1/2003,1.15
8/1/2003,1.277
9/1/2003,1.257
10/1/2003,1.33
11/1/2003,1.448
12/1/2003,1.559
1/1/2004,1.573
2/1/2004,1.583
3/1/2004,1.625
4/1/2004,1.562
5/1/2004,1.372
6/1/2004,1.311
7/1/2004,1.253
8/1/2004,1.277
9/1/2004,1.145
10/1/2004,1.089
11/1/2004,1.085
12/1/2004,1.199
1/1/2005,1.211
2/1/2005,1.284
3/1/2005,1.132
4/1/2005,1.164
5/1/2005,1.185
6/1/2005,1.139
7/1/2005,1.165
8/1/2005,1.166
9/1/2005,1.279
10/1/2005,1.264
11/1/2005,1.279
12/1/2005,1.35
1/1/2006,1.449
2/1/2006,1.328
3/1/2006,1.302
4/1/2006,1.283
5/1/2006,1.206
6/1/2006,1.242
7/1/2006,1.213
8/1/2006,1.244
9/1/2006,1.254
10/1/2006,1.257
11/1/2006,1.354
12/1/2006,1.543
1/1/2007,1.549
2/1/2007,1.746
3/1/2007,1.634
4/1/2007,1.616
5/1/2007,1.504
6/1/2007,1.373
7/1/2007,1.502
8/1/2007,1.634
9/1/2007,1.825
10/1/2007,1.771
11/1/2007,1.862
12/1/2007,2.099
1/1/2008,2.175
2/1/2008,2.168
3/1/2008,2.203
4/1/2008,2.069
5/1/2008,1.93
6/1/2008,1.92
7/1/2008,2.011
8/1/2008,1.854
9/1/2008,1.978
10/1/2008,1.858
11/1/2008,1.838
12/1/2008,1.834
1/1/2009,1.85
2/1/2009,1.795
3/1/2009,1.693
4/1/2009,1.774
5/1/2009,1.501
6/1/2009,1.529
7/1/2009,1.495
8/1/2009,1.632
9/1/2009,1.627
10/1/2009,1.595
11/1/2009,1.705
12/1/2009,1.772
1/1/2010,1.789
2/1/2010,1.872
3/1/2010,1.822
4/1/2010,1.779
5/1/2010,1.523
6/1/2010,1.494
7/1/2010,1.441
8/1/2010,1.519
9/1/2010,1.753
10/1/2010,1.456
11/1/2010,1.675
12/1/2010,1.793
1/1/2011,1.806
2/1/2011,1.708
3/1/2011,1.732
4/1/2011,1.727
5/1/2011,1.692
6/1/2011,1.683
7/1/2011,1.647
8/1/2011,1.711
9/1/2011,1.947
10/1/2011,1.871
11/1/2011,1.836
12/1/2011,1.874
1/1/2012,1.939
2/1/2012,1.798
3/1/2012,1.774
4/1/2012,1.829
5/1/2012,1.691
6/1/2012,1.67
7/1/2012,1.648
8/1/2012,1.884
9/1/2012,1.889
10/1/2012,1.96
11/1/2012,1.963
12/1/2012,2.007
1/1/2013,1.933
2/1/2013,1.965
3/1/2013,1.925
4/1/2013,1.918
5/1/2013,1.87
6/1/2013,1.859
7/1/2013,1.833
8/1/2013,1.838
9/1/2013,1.897
10/1/2013,1.925
11/1/2013,1.925
12/1/2013,2.026
1/1/2014,2.008
2/1/2014,1.998
3/1/2014,2.061
4/1/2014,2.119
5/1/2014,1.996
6/1/2014,1.948
7/1/2014,1.95
8/1/2014,1.979
9/1/2014,1.97
10/1/2014,1.951
11/1/2014,2.032
12/1/2014,2.21
1/1/2015,2.113
2/1/2015,2.088
3/1/2015,2.133
4/1/2015,2.065
5/1/2015,1.962
6/1/2015,2.57
7/1/2015,2.57
8/1/2015,2.943
9/1/2015,2.966
10/1/2015,2.808
11/1/2015,2.664
12/1/2015,2.751
1/1/2016,2.328
2/1/2016,2.267
3/1/2016,2.081
4/1/2016,1.793
5/1/2016,1.684
6/1/2016,1.491
7/1/2016,1.546
8/1/2016,1.455
9/1/2016,1.471
10/1/2016,1.39
11/1/2016,1.321
12/1/2016,1.383
1/1/2017,1.599
2/1/2017,1.464
3/1/2017,1.404
4/1/2017,1.409
5/1/2017,1.414
6/1/2017,1.332
7/1/2017,1.333
8/1/2017,1.367
9/1/2017,1.422
10/1/2017,1.54
11/1/2017,1.506
12/1/2017,1.815
1/1/2018,1.769
2/1/2018,1.755
3/1/2018,1.831
4/1/2018,2.081
5/1/2018,1.987
6/1/2018,1.628
7/1/2018,1.725
8/1/2018,1.622
9/1/2018,1.651
10/1/2018,1.66
11/1/2018,1.596
12/1/2018,1.595
1/1/2019,1.554
2/1/2019,1.557
3/1/2019,1.544
4/1/2019,1.463
5/1/2019,1.362
6/1/2019,1.203
7/1/2019,1.243
8/1/2019,1.219
9/1/2019,1.383
10/1/2019,1.282
11/1/2019,1.405
12/1/2019,1.535
1/1/2020,1.461
2/1/2020,1.449
3/1/2020,1.525
4/1/2020,2.019
5/1/2020,1.64
6/1/2020,1.554
7/1/2020,1.401
8/1/2020,1.328
9/1/2020,1.353
10/1/2020,1.408
11/1/2020,1.45
12/1/2020,1.481
1/1/2021,1.466
2/1/2021,1.597
3/1/2021,1.625
4/1/2021,1.62
5/1/2021,1.625
6/1/2021,1.642
7/1/2021,1.642
8/1/2021,1.709
9/1/2021,1.835
10/1/2021,1.821
11/1/2021,1.718
12/1/2021,1.788
1/1/2022,1.929
2/1/2022,2.005
3/1/2022,2.046
4/1/2022,2.52
5/1/2022,2.863
6/1/2022,2.707
7/1/2022,2.936
8/1/2022,3.116
9/1/2022,2.902
10/1/2022,3.419
11/1/2022,3.589
12/1/2022,4.25
1/1/2023,4.823
2/1/2023,4.211
3/1/2023,3.446
4/1/2023,3.27
5/1/2023,2.666
6/1/2023,2.219
7/1/2023,2.094
8/1/2023,2.043
9/1/2023,2.065
10/1/2023,2.072
11/1/2023,2.138
12/1/2023,2.507
1/1/2024,2.522
2/1/2024,2.996
3/1/2024,2.992
4/1/2024,2.864
5/1/2024,2.699
6/1/2024,2.715
7/1/2024,3.08
8/1/2024,3.204
9/1/2024,3.821
10/1/2024,3.37
11/1/2024,3.649
12/1/2024,4.146
1/1/2025,4.953
2/1/2025,5.897
